--
-- PostgreSQL database dump
--

-- Dumped from database version 17.5
-- Dumped by pg_dump version 17.5

SET statement_timeout = 0;
SET lock_timeout = 0;
SET idle_in_transaction_session_timeout = 0;
SET transaction_timeout = 0;
SET client_encoding = 'UTF8';
SET standard_conforming_strings = on;
SELECT pg_catalog.set_config('search_path', '', false);
SET check_function_bodies = false;
SET xmloption = content;
SET client_min_messages = warning;
SET row_security = off;

SET default_tablespace = '';

SET default_table_access_method = heap;

--
-- Name: auth_group; Type: TABLE; Schema: public; Owner: postgres
--

CREATE TABLE public.auth_group (
    id integer NOT NULL,
    name character varying(150) NOT NULL
);


ALTER TABLE public.auth_group OWNER TO postgres;

--
-- Name: auth_group_id_seq; Type: SEQUENCE; Schema: public; Owner: postgres
--

ALTER TABLE public.auth_group ALTER COLUMN id ADD GENERATED BY DEFAULT AS IDENTITY (
    SEQUENCE NAME public.auth_group_id_seq
    START WITH 1
    INCREMENT BY 1
    NO MINVALUE
    NO MAXVALUE
    CACHE 1
);


--
-- Name: auth_group_permissions; Type: TABLE; Schema: public; Owner: postgres
--

CREATE TABLE public.auth_group_permissions (
    id bigint NOT NULL,
    group_id integer NOT NULL,
    permission_id integer NOT NULL
);


ALTER TABLE public.auth_group_permissions OWNER TO postgres;

--
-- Name: auth_group_permissions_id_seq; Type: SEQUENCE; Schema: public; Owner: postgres
--

ALTER TABLE public.auth_group_permissions ALTER COLUMN id ADD GENERATED BY DEFAULT AS IDENTITY (
    SEQUENCE NAME public.auth_group_permissions_id_seq
    START WITH 1
    INCREMENT BY 1
    NO MINVALUE
    NO MAXVALUE
    CACHE 1
);


--
-- Name: auth_permission; Type: TABLE; Schema: public; Owner: postgres
--

CREATE TABLE public.auth_permission (
    id integer NOT NULL,
    name character varying(255) NOT NULL,
    content_type_id integer NOT NULL,
    codename character varying(100) NOT NULL
);


ALTER TABLE public.auth_permission OWNER TO postgres;

--
-- Name: auth_permission_id_seq; Type: SEQUENCE; Schema: public; Owner: postgres
--

ALTER TABLE public.auth_permission ALTER COLUMN id ADD GENERATED BY DEFAULT AS IDENTITY (
    SEQUENCE NAME public.auth_permission_id_seq
    START WITH 1
    INCREMENT BY 1
    NO MINVALUE
    NO MAXVALUE
    CACHE 1
);


--
-- Name: core_alarm; Type: TABLE; Schema: public; Owner: postgres
--

CREATE TABLE public.core_alarm (
    id integer NOT NULL,
    message text NOT NULL,
    created_at timestamp with time zone,
    is_active boolean NOT NULL,
    url_link character varying(200),
    user_id integer NOT NULL
);


ALTER TABLE public.core_alarm OWNER TO postgres;

--
-- Name: core_alarm_id_seq; Type: SEQUENCE; Schema: public; Owner: postgres
--

ALTER TABLE public.core_alarm ALTER COLUMN id ADD GENERATED BY DEFAULT AS IDENTITY (
    SEQUENCE NAME public.core_alarm_id_seq
    START WITH 1
    INCREMENT BY 1
    NO MINVALUE
    NO MAXVALUE
    CACHE 1
);


--
-- Name: core_chatmessage; Type: TABLE; Schema: public; Owner: postgres
--

CREATE TABLE public.core_chatmessage (
    message_id integer NOT NULL,
    message_type character varying(10) NOT NULL,
    message_text text,
    create_time timestamp with time zone,
    is_active boolean NOT NULL,
    session_id integer NOT NULL
);


ALTER TABLE public.core_chatmessage OWNER TO postgres;

--
-- Name: core_chatmessage_message_id_seq; Type: SEQUENCE; Schema: public; Owner: postgres
--

ALTER TABLE public.core_chatmessage ALTER COLUMN message_id ADD GENERATED BY DEFAULT AS IDENTITY (
    SEQUENCE NAME public.core_chatmessage_message_id_seq
    START WITH 1
    INCREMENT BY 1
    NO MINVALUE
    NO MAXVALUE
    CACHE 1
);


--
-- Name: core_chatsession; Type: TABLE; Schema: public; Owner: postgres
--

CREATE TABLE public.core_chatsession (
    session_id integer NOT NULL,
    summary character varying(255),
    is_active boolean NOT NULL,
    user_id integer NOT NULL
);


ALTER TABLE public.core_chatsession OWNER TO postgres;

--
-- Name: core_chatsession_session_id_seq; Type: SEQUENCE; Schema: public; Owner: postgres
--

ALTER TABLE public.core_chatsession ALTER COLUMN session_id ADD GENERATED BY DEFAULT AS IDENTITY (
    SEQUENCE NAME public.core_chatsession_session_id_seq
    START WITH 1
    INCREMENT BY 1
    NO MINVALUE
    NO MAXVALUE
    CACHE 1
);


--
-- Name: core_company; Type: TABLE; Schema: public; Owner: postgres
--

CREATE TABLE public.core_company (
    company_id character varying(12) NOT NULL,
    company_name character varying(255) NOT NULL
);


ALTER TABLE public.core_company OWNER TO postgres;

--
-- Name: core_curriculum; Type: TABLE; Schema: public; Owner: postgres
--

CREATE TABLE public.core_curriculum (
    curriculum_id integer NOT NULL,
    curriculum_description text,
    curriculum_title character varying(255) NOT NULL,
    common boolean NOT NULL,
    total_weeks integer NOT NULL,
    week_schedule text,
    department_id integer
);


ALTER TABLE public.core_curriculum OWNER TO postgres;

--
-- Name: core_curriculum_curriculum_id_seq; Type: SEQUENCE; Schema: public; Owner: postgres
--

ALTER TABLE public.core_curriculum ALTER COLUMN curriculum_id ADD GENERATED BY DEFAULT AS IDENTITY (
    SEQUENCE NAME public.core_curriculum_curriculum_id_seq
    START WITH 1
    INCREMENT BY 1
    NO MINVALUE
    NO MAXVALUE
    CACHE 1
);


--
-- Name: core_department; Type: TABLE; Schema: public; Owner: postgres
--

CREATE TABLE public.core_department (
    department_id integer NOT NULL,
    department_name character varying(50) NOT NULL,
    description character varying(255),
    is_active boolean NOT NULL,
    company_id character varying(12)
);


ALTER TABLE public.core_department OWNER TO postgres;

--
-- Name: core_department_department_id_seq; Type: SEQUENCE; Schema: public; Owner: postgres
--

ALTER TABLE public.core_department ALTER COLUMN department_id ADD GENERATED BY DEFAULT AS IDENTITY (
    SEQUENCE NAME public.core_department_department_id_seq
    START WITH 1
    INCREMENT BY 1
    NO MINVALUE
    NO MAXVALUE
    CACHE 1
);


--
-- Name: core_docs; Type: TABLE; Schema: public; Owner: postgres
--

CREATE TABLE public.core_docs (
    docs_id integer NOT NULL,
    title character varying(255) NOT NULL,
    description character varying(255),
    file_path character varying(255) NOT NULL,
    create_time timestamp with time zone NOT NULL,
    common_doc boolean NOT NULL,
    original_file_name character varying(255),
    department_id integer NOT NULL
);


ALTER TABLE public.core_docs OWNER TO postgres;

--
-- Name: core_docs_docs_id_seq; Type: SEQUENCE; Schema: public; Owner: postgres
--

ALTER TABLE public.core_docs ALTER COLUMN docs_id ADD GENERATED BY DEFAULT AS IDENTITY (
    SEQUENCE NAME public.core_docs_docs_id_seq
    START WITH 1
    INCREMENT BY 1
    NO MINVALUE
    NO MAXVALUE
    CACHE 1
);


--
-- Name: core_emailconfig; Type: TABLE; Schema: public; Owner: postgres
--

CREATE TABLE public.core_emailconfig (
    id integer NOT NULL,
    email character varying(254) NOT NULL,
    password character varying(255) NOT NULL,
    name character varying(100) NOT NULL
);


ALTER TABLE public.core_emailconfig OWNER TO postgres;

--
-- Name: core_emailconfig_id_seq; Type: SEQUENCE; Schema: public; Owner: postgres
--

ALTER TABLE public.core_emailconfig ALTER COLUMN id ADD GENERATED BY DEFAULT AS IDENTITY (
    SEQUENCE NAME public.core_emailconfig_id_seq
    START WITH 1
    INCREMENT BY 1
    NO MINVALUE
    NO MAXVALUE
    CACHE 1
);


--
-- Name: core_memo; Type: TABLE; Schema: public; Owner: postgres
--

CREATE TABLE public.core_memo (
    memo_id integer NOT NULL,
    create_date timestamp with time zone,
    comment text,
    user_id integer,
    task_assign_id integer NOT NULL
);


ALTER TABLE public.core_memo OWNER TO postgres;

--
-- Name: core_memo_memo_id_seq; Type: SEQUENCE; Schema: public; Owner: postgres
--

ALTER TABLE public.core_memo ALTER COLUMN memo_id ADD GENERATED BY DEFAULT AS IDENTITY (
    SEQUENCE NAME public.core_memo_memo_id_seq
    START WITH 1
    INCREMENT BY 1
    NO MINVALUE
    NO MAXVALUE
    CACHE 1
);


--
-- Name: core_mentorship; Type: TABLE; Schema: public; Owner: postgres
--

CREATE TABLE public.core_mentorship (
    mentorship_id integer NOT NULL,
    mentor_id integer NOT NULL,
    mentee_id integer NOT NULL,
    start_date date,
    end_date date,
    is_active boolean NOT NULL,
    curriculum_title character varying(255) NOT NULL,
    total_weeks integer NOT NULL,
    report text,
    url_link character varying(200)
);


ALTER TABLE public.core_mentorship OWNER TO postgres;

--
-- Name: core_mentorship_mentorship_id_seq; Type: SEQUENCE; Schema: public; Owner: postgres
--

ALTER TABLE public.core_mentorship ALTER COLUMN mentorship_id ADD GENERATED BY DEFAULT AS IDENTITY (
    SEQUENCE NAME public.core_mentorship_mentorship_id_seq
    START WITH 1
    INCREMENT BY 1
    NO MINVALUE
    NO MAXVALUE
    CACHE 1
);


--
-- Name: core_taskassign; Type: TABLE; Schema: public; Owner: postgres
--

CREATE TABLE public.core_taskassign (
    task_assign_id integer NOT NULL,
    title character varying(255),
    description text,
    guideline text,
    week integer NOT NULL,
    scheduled_start_date date,
    scheduled_end_date date,
    real_start_date date,
    real_end_date date,
    status character varying(10),
    priority character varying(2),
    "order" integer,
    mentorship_id_id integer NOT NULL,
    parent_id integer
);


ALTER TABLE public.core_taskassign OWNER TO postgres;

--
-- Name: core_taskassign_task_assign_id_seq; Type: SEQUENCE; Schema: public; Owner: postgres
--

ALTER TABLE public.core_taskassign ALTER COLUMN task_assign_id ADD GENERATED BY DEFAULT AS IDENTITY (
    SEQUENCE NAME public.core_taskassign_task_assign_id_seq
    START WITH 1
    INCREMENT BY 1
    NO MINVALUE
    NO MAXVALUE
    CACHE 1
);


--
-- Name: core_taskmanage; Type: TABLE; Schema: public; Owner: postgres
--

CREATE TABLE public.core_taskmanage (
    task_manage_id integer NOT NULL,
    title character varying(255) NOT NULL,
    description text,
    guideline text,
    week integer NOT NULL,
    "order" integer,
    period integer,
    priority character varying(2),
    curriculum_id integer NOT NULL
);


ALTER TABLE public.core_taskmanage OWNER TO postgres;

--
-- Name: core_taskmanage_task_manage_id_seq; Type: SEQUENCE; Schema: public; Owner: postgres
--

ALTER TABLE public.core_taskmanage ALTER COLUMN task_manage_id ADD GENERATED BY DEFAULT AS IDENTITY (
    SEQUENCE NAME public.core_taskmanage_task_manage_id_seq
    START WITH 1
    INCREMENT BY 1
    NO MINVALUE
    NO MAXVALUE
    CACHE 1
);


--
-- Name: core_user; Type: TABLE; Schema: public; Owner: postgres
--

CREATE TABLE public.core_user (
    is_superuser boolean NOT NULL,
    user_id integer NOT NULL,
    employee_number integer,
    is_admin boolean NOT NULL,
    tag character varying(255),
    role character varying(20) NOT NULL,
    join_date date,
    "position" character varying(50) NOT NULL,
    job_part character varying(50) NOT NULL,
    email character varying(254) NOT NULL,
    password character varying(128) NOT NULL,
    last_name character varying(50) NOT NULL,
    first_name character varying(50) NOT NULL,
    last_login timestamp with time zone,
    profile_image character varying(100),
    is_active boolean NOT NULL,
    is_staff boolean NOT NULL,
    company_id character varying(12),
    department_id integer
);


ALTER TABLE public.core_user OWNER TO postgres;

--
-- Name: core_user_groups; Type: TABLE; Schema: public; Owner: postgres
--

CREATE TABLE public.core_user_groups (
    id bigint NOT NULL,
    user_id integer NOT NULL,
    group_id integer NOT NULL
);


ALTER TABLE public.core_user_groups OWNER TO postgres;

--
-- Name: core_user_groups_id_seq; Type: SEQUENCE; Schema: public; Owner: postgres
--

ALTER TABLE public.core_user_groups ALTER COLUMN id ADD GENERATED BY DEFAULT AS IDENTITY (
    SEQUENCE NAME public.core_user_groups_id_seq
    START WITH 1
    INCREMENT BY 1
    NO MINVALUE
    NO MAXVALUE
    CACHE 1
);


--
-- Name: core_user_user_id_seq; Type: SEQUENCE; Schema: public; Owner: postgres
--

ALTER TABLE public.core_user ALTER COLUMN user_id ADD GENERATED BY DEFAULT AS IDENTITY (
    SEQUENCE NAME public.core_user_user_id_seq
    START WITH 1
    INCREMENT BY 1
    NO MINVALUE
    NO MAXVALUE
    CACHE 1
);


--
-- Name: core_user_user_permissions; Type: TABLE; Schema: public; Owner: postgres
--

CREATE TABLE public.core_user_user_permissions (
    id bigint NOT NULL,
    user_id integer NOT NULL,
    permission_id integer NOT NULL
);


ALTER TABLE public.core_user_user_permissions OWNER TO postgres;

--
-- Name: core_user_user_permissions_id_seq; Type: SEQUENCE; Schema: public; Owner: postgres
--

ALTER TABLE public.core_user_user_permissions ALTER COLUMN id ADD GENERATED BY DEFAULT AS IDENTITY (
    SEQUENCE NAME public.core_user_user_permissions_id_seq
    START WITH 1
    INCREMENT BY 1
    NO MINVALUE
    NO MAXVALUE
    CACHE 1
);


--
-- Name: django_admin_log; Type: TABLE; Schema: public; Owner: postgres
--

CREATE TABLE public.django_admin_log (
    id integer NOT NULL,
    action_time timestamp with time zone NOT NULL,
    object_id text,
    object_repr character varying(200) NOT NULL,
    action_flag smallint NOT NULL,
    change_message text NOT NULL,
    content_type_id integer,
    user_id integer NOT NULL,
    CONSTRAINT django_admin_log_action_flag_check CHECK ((action_flag >= 0))
);


ALTER TABLE public.django_admin_log OWNER TO postgres;

--
-- Name: django_admin_log_id_seq; Type: SEQUENCE; Schema: public; Owner: postgres
--

ALTER TABLE public.django_admin_log ALTER COLUMN id ADD GENERATED BY DEFAULT AS IDENTITY (
    SEQUENCE NAME public.django_admin_log_id_seq
    START WITH 1
    INCREMENT BY 1
    NO MINVALUE
    NO MAXVALUE
    CACHE 1
);


--
-- Name: django_content_type; Type: TABLE; Schema: public; Owner: postgres
--

CREATE TABLE public.django_content_type (
    id integer NOT NULL,
    app_label character varying(100) NOT NULL,
    model character varying(100) NOT NULL
);


ALTER TABLE public.django_content_type OWNER TO postgres;

--
-- Name: django_content_type_id_seq; Type: SEQUENCE; Schema: public; Owner: postgres
--

ALTER TABLE public.django_content_type ALTER COLUMN id ADD GENERATED BY DEFAULT AS IDENTITY (
    SEQUENCE NAME public.django_content_type_id_seq
    START WITH 1
    INCREMENT BY 1
    NO MINVALUE
    NO MAXVALUE
    CACHE 1
);


--
-- Name: django_migrations; Type: TABLE; Schema: public; Owner: postgres
--

CREATE TABLE public.django_migrations (
    id bigint NOT NULL,
    app character varying(255) NOT NULL,
    name character varying(255) NOT NULL,
    applied timestamp with time zone NOT NULL
);


ALTER TABLE public.django_migrations OWNER TO postgres;

--
-- Name: django_migrations_id_seq; Type: SEQUENCE; Schema: public; Owner: postgres
--

ALTER TABLE public.django_migrations ALTER COLUMN id ADD GENERATED BY DEFAULT AS IDENTITY (
    SEQUENCE NAME public.django_migrations_id_seq
    START WITH 1
    INCREMENT BY 1
    NO MINVALUE
    NO MAXVALUE
    CACHE 1
);


--
-- Name: django_session; Type: TABLE; Schema: public; Owner: postgres
--

CREATE TABLE public.django_session (
    session_key character varying(40) NOT NULL,
    session_data text NOT NULL,
    expire_date timestamp with time zone NOT NULL
);


ALTER TABLE public.django_session OWNER TO postgres;

--
-- Data for Name: auth_group; Type: TABLE DATA; Schema: public; Owner: postgres
--

COPY public.auth_group (id, name) FROM stdin;
\.


--
-- Data for Name: auth_group_permissions; Type: TABLE DATA; Schema: public; Owner: postgres
--

COPY public.auth_group_permissions (id, group_id, permission_id) FROM stdin;
\.


--
-- Data for Name: auth_permission; Type: TABLE DATA; Schema: public; Owner: postgres
--

COPY public.auth_permission (id, name, content_type_id, codename) FROM stdin;
1	Can add log entry	1	add_logentry
2	Can change log entry	1	change_logentry
3	Can delete log entry	1	delete_logentry
4	Can view log entry	1	view_logentry
5	Can add permission	2	add_permission
6	Can change permission	2	change_permission
7	Can delete permission	2	delete_permission
8	Can view permission	2	view_permission
9	Can add group	3	add_group
10	Can change group	3	change_group
11	Can delete group	3	delete_group
12	Can view group	3	view_group
13	Can add content type	4	add_contenttype
14	Can change content type	4	change_contenttype
15	Can delete content type	4	delete_contenttype
16	Can view content type	4	view_contenttype
17	Can add session	5	add_session
18	Can change session	5	change_session
19	Can delete session	5	delete_session
20	Can view session	5	view_session
21	Can add company	6	add_company
22	Can change company	6	change_company
23	Can delete company	6	delete_company
24	Can view company	6	view_company
25	Can add email config	7	add_emailconfig
26	Can change email config	7	change_emailconfig
27	Can delete email config	7	delete_emailconfig
28	Can view email config	7	view_emailconfig
29	Can add mentorship	8	add_mentorship
30	Can change mentorship	8	change_mentorship
31	Can delete mentorship	8	delete_mentorship
32	Can view mentorship	8	view_mentorship
33	Can add user	9	add_user
34	Can change user	9	change_user
35	Can delete user	9	delete_user
36	Can view user	9	view_user
37	Can add alarm	10	add_alarm
38	Can change alarm	10	change_alarm
39	Can delete alarm	10	delete_alarm
40	Can view alarm	10	view_alarm
41	Can add chat session	11	add_chatsession
42	Can change chat session	11	change_chatsession
43	Can delete chat session	11	delete_chatsession
44	Can view chat session	11	view_chatsession
45	Can add chat message	12	add_chatmessage
46	Can change chat message	12	change_chatmessage
47	Can delete chat message	12	delete_chatmessage
48	Can view chat message	12	view_chatmessage
49	Can add department	13	add_department
50	Can change department	13	change_department
51	Can delete department	13	delete_department
52	Can view department	13	view_department
53	Can add curriculum	14	add_curriculum
54	Can change curriculum	14	change_curriculum
55	Can delete curriculum	14	delete_curriculum
56	Can view curriculum	14	view_curriculum
57	Can add docs	15	add_docs
58	Can change docs	15	change_docs
59	Can delete docs	15	delete_docs
60	Can view docs	15	view_docs
61	Can add task assign	16	add_taskassign
62	Can change task assign	16	change_taskassign
63	Can delete task assign	16	delete_taskassign
64	Can view task assign	16	view_taskassign
65	Can add memo	17	add_memo
66	Can change memo	17	change_memo
67	Can delete memo	17	delete_memo
68	Can view memo	17	view_memo
69	Can add task manage	18	add_taskmanage
70	Can change task manage	18	change_taskmanage
71	Can delete task manage	18	delete_taskmanage
72	Can view task manage	18	view_taskmanage
\.


--
-- Data for Name: core_alarm; Type: TABLE DATA; Schema: public; Owner: postgres
--

COPY public.core_alarm (id, message, created_at, is_active, url_link, user_id) FROM stdin;
\.


--
-- Data for Name: core_chatmessage; Type: TABLE DATA; Schema: public; Owner: postgres
--

COPY public.core_chatmessage (message_id, message_type, message_text, create_time, is_active, session_id) FROM stdin;
\.


--
-- Data for Name: core_chatsession; Type: TABLE DATA; Schema: public; Owner: postgres
--

COPY public.core_chatsession (session_id, summary, is_active, user_id) FROM stdin;
\.


--
-- Data for Name: core_company; Type: TABLE DATA; Schema: public; Owner: postgres
--

COPY public.core_company (company_id, company_name) FROM stdin;
123-12-12345	AILLM
\.


--
-- Data for Name: core_curriculum; Type: TABLE DATA; Schema: public; Owner: postgres
--

COPY public.core_curriculum (curriculum_id, curriculum_description, curriculum_title, common, total_weeks, week_schedule, department_id) FROM stdin;
\.


--
-- Data for Name: core_department; Type: TABLE DATA; Schema: public; Owner: postgres
--

COPY public.core_department (department_id, department_name, description, is_active, company_id) FROM stdin;
1	인사관리부	HR 부서	t	123-12-12345
6	AI연구개발부		t	123-12-12345
7	경영지원부		t	123-12-12345
8	엔지니어링부		t	123-12-12345
9	제품부		t	123-12-12345
\.


--
-- Data for Name: core_docs; Type: TABLE DATA; Schema: public; Owner: postgres
--

COPY public.core_docs (docs_id, title, description, file_path, create_time, common_doc, original_file_name, department_id) FROM stdin;
\.


--
-- Data for Name: core_emailconfig; Type: TABLE DATA; Schema: public; Owner: postgres
--

COPY public.core_emailconfig (id, email, password, name) FROM stdin;
1	sinipezflow@gmail.com	jgdy jiwk fvez knvz	알림봇
\.


--
-- Data for Name: core_memo; Type: TABLE DATA; Schema: public; Owner: postgres
--

COPY public.core_memo (memo_id, create_date, comment, user_id, task_assign_id) FROM stdin;
\.


--
-- Data for Name: core_mentorship; Type: TABLE DATA; Schema: public; Owner: postgres
--

COPY public.core_mentorship (mentorship_id, mentor_id, mentee_id, start_date, end_date, is_active, curriculum_title, total_weeks, report, url_link) FROM stdin;
\.


--
-- Data for Name: core_taskassign; Type: TABLE DATA; Schema: public; Owner: postgres
--

COPY public.core_taskassign (task_assign_id, title, description, guideline, week, scheduled_start_date, scheduled_end_date, real_start_date, real_end_date, status, priority, "order", mentorship_id_id, parent_id) FROM stdin;
\.


--
-- Data for Name: core_taskmanage; Type: TABLE DATA; Schema: public; Owner: postgres
--

COPY public.core_taskmanage (task_manage_id, title, description, guideline, week, "order", period, priority, curriculum_id) FROM stdin;
\.


--
-- Data for Name: core_user; Type: TABLE DATA; Schema: public; Owner: postgres
--

COPY public.core_user (is_superuser, user_id, employee_number, is_admin, tag, role, join_date, "position", job_part, email, password, last_name, first_name, last_login, profile_image, is_active, is_staff, company_id, department_id) FROM stdin;
t	1	9999	t	\N		\N			admin@admin.com	pbkdf2_sha256$1000000$XbTDrD0rriCzqJQ5Fj3uMG$A5KY0eBtD9dYCgGy1DZ3ztYq2PIG/O2XJuqbgo4fRzI=	admin	admin	2025-07-29 15:00:15.639411+09		t	t	\N	\N
f	2	1100	t	\N	mentor	2025-07-29	관리자	관리자	admin@aillm.com	pbkdf2_sha256$1000000$anmiR4k1qOoSjc0sI29wYM$K0P23lNMyB5KaaNL5fAkp37qj9hml71xeiEzZAoajfk=	박	관리자	2025-07-29 15:33:05.5186+09		t	f	123-12-12345	1
f	32	1102	f	\N	mentee	2022-01-10	과장	재무 담당자	jiyeon.lee@aillm.com	pbkdf2_sha256$1000000$7UNtRhdjHuuyl2TtLBAvDp$TXl6YnFETHm0Fl2UhGBJbEjjcTJIKoc6oLtRdmDKPfs=	이	지연	2025-07-29 15:20:03.050813+09		t	f	123-12-12345	7
f	33	1103	f	\N	mentee	2023-05-20	대리	백엔드 개발자	sunghyun.park@aillm.com	pbkdf2_sha256$1000000$f7vc9DNPN9UZthHNk7luEO$4STfd+M6RIl/+qqa5/0TTMnnh+JfYR4xuE99go7CL1E=	박	성현	2025-07-29 15:20:03.650161+09		t	f	123-12-12345	8
f	34	1104	f	\N	mentee	2021-08-02	과장	제품 기획자	eunyoung.choi@aillm.com	pbkdf2_sha256$1000000$OADLKeeynfEyRN6PC2XsXS$6mRIN/MerGyznByfyJsQCV9ybc8ATpjY2yfhlaVGOgk=	최	은영	2025-07-29 15:20:04.194756+09		t	f	123-12-12345	9
f	36	1106	f	\N	mentee	2023-11-08	주임	UX 리서처	haneul.kang@aillm.com	pbkdf2_sha256$1000000$1aCPuWG2EDx9e3QMWtJ9aP$5h9CDffa1uY9HNuwpNBDs93F/oz7HfKH+nEdkl2u2zc=	강	하늘	2025-07-29 15:20:05.348261+09		t	f	123-12-12345	9
f	37	1107	f	\N	mentee	2022-09-12	대리	DevOps 엔지니어	seojun.yoon@aillm.com	pbkdf2_sha256$1000000$NBUAwlY4VIosaCxprAjJqn$zAVGWaE/eEhjdvewLJgJFO756PDcS0/M0pz5r3pg7b4=	윤	서준	2025-07-29 15:20:05.967356+09		t	f	123-12-12345	8
f	38	1108	f	\N	mentee	2024-06-03	사원	UI/UX 디자이너	subin.jang@aillm.com	pbkdf2_sha256$1000000$NHxxCTCmcbulAkiuYxMLnt$hUORqbnyST0xMeHKIck7vJ4QobH6Ot8auNvZMHt0j5M=	장	수빈	2025-07-29 15:20:06.574237+09		t	f	123-12-12345	9
f	39	1109	f	\N	mentee	2020-12-01	과장	클라우드 엔지니어	dohyun.lim@aillm.com	pbkdf2_sha256$1000000$cdz6w9w4kQnYZbbTrUnuAv$0OfzTkbmg+GFMhHabvDvpWtZiZQJL6xZzMP4Qo2lWb0=	임	도현	2025-07-29 15:20:07.113674+09		t	f	123-12-12345	8
f	40	1110	f	\N	mentor	2020-07-15	부장	제품 매니저	yerim.han@aillm.com	pbkdf2_sha256$1000000$4VkVJoxXBqm816zR2CdObR$dLsjKYNOIrGJOhYw7cBMTG0d3eRCgNI4/0ILz9GVCwc=	한	예림	2025-07-29 15:20:07.68388+09		t	f	123-12-12345	9
f	41	1112	f	\N	mentee	2023-08-25	주임	프로덕트 디자이너	areum.shin@aillm.com	pbkdf2_sha256$1000000$h3199LqIxAGcLYyLOayS6l$6IyMFbR0Ofj+lzfN+RoeQe9HMPR4hVZvJ9D3rx071TA=	신	아름	2025-07-29 15:20:08.314961+09		t	f	123-12-12345	9
f	42	1113	f	\N	mentor	2021-06-10	차장	시스템 엔지니어	hyunwoo.kwon@aillm.com	pbkdf2_sha256$1000000$SMlV1y3gyKAvGyBmc3YNJt$cuaX0kn9PGADAr7xyBzqf27Op/2TZb2LT83C9xVR66g=	권	현우	2025-07-29 15:20:08.883767+09		t	f	123-12-12345	8
f	43	1114	f	\N	mentee	2024-01-22	사원	콘텐츠 기획자	minji.hwang@aillm.com	pbkdf2_sha256$1000000$lrypclVpHPIUEVCc6aoCKO$TeNQWTK9yiAqfowqn8gG0FTvY6t7hKtWG8T+TKz/NLQ=	황	민지	2025-07-29 15:20:09.457692+09		t	f	123-12-12345	9
f	44	1115	f	\N	mentee	2021-11-05	과장	보안 엔지니어	junhyuk.ahn@aillm.com	pbkdf2_sha256$1000000$Ad3IZQVKW1o6zzWRoi3fWW$70tgfMj9galPff6H7yP/b4oVgtkYFWgxmE9q/kyuUw4=	안	준혁	2025-07-29 15:20:10.037789+09		t	f	123-12-12345	8
f	45	1117	f	\N	mentee	2023-07-14	주임	인프라 엔지니어	jihoon.ryu@aillm.com	pbkdf2_sha256$1000000$l4SkpNs36SJC2cg1rwQKmo$LwhqL5t3OyzAWuAr3obCYTgL03EQr6jjcdmvtvCEzyE=	류	지훈	2025-07-29 15:20:10.675429+09		t	f	123-12-12345	8
f	46	1118	f	\N	mentee	2022-12-03	대리	고객성공 매니저	soyoung.jeon@aillm.com	pbkdf2_sha256$1000000$jGtYEdH4jUemedxYQVAPHa$1CMMGD4/76iKfxR3VZzm7wD8EWau6pW33uU4DJwbo0c=	전	소영	2025-07-29 15:20:11.303232+09		t	f	123-12-12345	7
f	47	1119	f	\N	mentee	2024-04-16	인턴	컴퓨터비전 연구원	minseok.go@aillm.com	pbkdf2_sha256$1000000$6t7QSv5r4ITRiZKVnKsugU$peA1GVkcayLpfQeWgKs3la2BeMLnmfmoEtG7SR2kLsE=	방	성일	2025-07-29 15:20:11.997587+09		t	f	123-12-12345	6
f	48	1120	f	\N	mentee	2023-09-30	주임	서비스 기획자	chaewon.moon@aillm.com	pbkdf2_sha256$1000000$UdfzsPO8y7gXPIsUN9KZec$jIx0nULKpysdCLeZc9hm2fJc3HlJ+Q/2igdAg+NVWcs=	문	채원	2025-07-29 15:20:12.689074+09		t	f	123-12-12345	9
f	49	1121	t	\N	mentor	2022-06-28	이사	MLOps 엔지니어	hyunjun.yang@aillm.com	pbkdf2_sha256$1000000$Ab8Tf79xasKlZItyVifu6d$DikkyDh5bzZ88ENJRlLwBSjllACYrWNfBjo5T4OgMdQ=	이	민정	2025-07-29 15:20:13.365836+09		t	f	123-12-12345	6
f	50	1122	f	\N	mentor	2020-10-12	차장	법무 담당자	yujin.cho@aillm.com	pbkdf2_sha256$1000000$6utEOiQwZ60BjUFPuOUKCW$hCJmqQCLSQLrACOeQXHSCNl4jb4FlPnOSxWTQdolkjo=	조	유진	2025-07-29 15:20:14.019955+09		t	f	123-12-12345	7
f	51	1123	f	\N	mentee	2024-03-11	사원	프론트엔드 개발자	seungho.baek@aillm.com	pbkdf2_sha256$1000000$2TAfmh0vyjppfCXln4vHmM$uJP/joKJ8n+0JtgKneMgOWQrSbfud3I2CykU9pZuS0w=	백	승호	2025-07-29 15:20:14.585392+09		t	f	123-12-12345	8
f	52	1124	f	\N	mentee	2021-05-24	과장	인사 담당자	seohyun.heo@aillm.com	pbkdf2_sha256$1000000$ofNL8cBd4Ufg3fUiL7mWTb$WDKtYTQOjfksQVmy8GaBtLZrPAkm5t1PIyc4RByb0ug=	허	서현	2025-07-29 15:20:15.190165+09		t	f	123-12-12345	7
f	53	1125	f	\N	mentee	2023-12-18	주임	풀스택 개발자	taehyun.nam@aillm.com	pbkdf2_sha256$1000000$Dv6XqJ2ZAkMpt70luDH88d$BYbSc+Li0din0LyMgucR0U50kJUy9DczcstkRMcSIqQ=	남	태현	2025-07-29 15:20:15.703631+09		t	f	123-12-12345	8
f	54	1126	f	\N	mentee	2024-05-07	사원	QA 엔지니어	jiwoo.sim@aillm.com	pbkdf2_sha256$1000000$UZ5EZqNVn13f6ClgtPFblu$F6lhiZi23d/eTSVFp8TBg5W7g4MTa3X8jPgS8NFB9Ic=	심	지우	2025-07-29 15:20:16.28156+09		t	f	123-12-12345	9
f	55	1127	f	\N	mentor	2020-04-01	부장	딥러닝 연구원	hajun.noh@aillm.com	pbkdf2_sha256$1000000$xqJr1mBLqZafsBjzHE6vBy$BplXTqGbbAuGt7MQyBsZJamWzxrJ4cQ8azGWk6nqqFc=	배	정수	2025-07-29 15:20:16.876782+09		t	f	123-12-12345	6
f	56	1128	f	\N	mentee	2022-08-15	대리	마케팅 담당자	sua.jung@aillm.com	pbkdf2_sha256$1000000$Aonc8Ky8koZnbR3RSVUJMA$nXot4mzerYSrLrmzMC/BsDV7VVwbgjiRz00H9Ax4cR8=	정	수아	2025-07-29 15:20:17.454158+09		t	f	123-12-12345	7
f	57	1129	f	\N	mentor	2020-09-08	부장	AI 연구원	mingyu.hong@aillm.com	pbkdf2_sha256$1000000$i4wNeeu5kcPzQdQECVTubU$FX8TDwKA0GCi4PrXVmQaLHRNp8uIa2tQC/ZFaEFuwFE=	홍	민규	2025-07-29 15:20:18.124561+09		f	f	123-12-12345	6
f	58	1130	f	\N	mentee	2021-12-20	과장	사업개발 담당자	seoyeon.kim@aillm.com	pbkdf2_sha256$1000000$RO5VWDIhEt6YbX2poGsyfz$Rb2EnGSowPyVHNNCjzR8sKk0njPQ5EZdFxt4Xy7Frd8=	김	서연	2025-07-29 15:20:18.671402+09		t	f	123-12-12345	7
f	31	1101	f	\N	mentor	2021-03-15	차장	AI 엔지니어	minsu.kim@aillm.com	pbkdf2_sha256$1000000$kYqTvAAbPenxp8i1mMc0Yr$2MXf3guk5RhAx0Ds8nW0b6Z69vQRodaR5goc2DBpGfY=	김	민수	2025-07-29 15:20:02.371232+09		f	f	123-12-12345	6
f	59	1131	f	#커피, #AI, #LLM	mentee	2025-07-29	사원	AI 엔지니어	tlswlstmf@aillm.com	pbkdf2_sha256$1000000$a1PSknrezsRLdKtM03q1O3$r9DOBxOKPXYEtmSI5rF5SrUVnC4CBnK5g35tEDwBrXM=	신	진슬	2025-07-29 15:41:22.239615+09		t	f	123-12-12345	6
f	35	1105	f	\N	mentor	2024-02-14	대리	머신러닝 엔지니어	a99086800@gmail.com	pbkdf2_sha256$1000000$AuDbuyPzyV8UYadY6V9FQy$KVfTJEOYrEaShVxr2uC0p7OcybYnpxW5Wfem5zUY6LY=	성	호진	2025-07-29 15:49:39.284304+09		t	f	123-12-12345	6
\.


--
-- Data for Name: core_user_groups; Type: TABLE DATA; Schema: public; Owner: postgres
--

COPY public.core_user_groups (id, user_id, group_id) FROM stdin;
\.


--
-- Data for Name: core_user_user_permissions; Type: TABLE DATA; Schema: public; Owner: postgres
--

COPY public.core_user_user_permissions (id, user_id, permission_id) FROM stdin;
\.


--
-- Data for Name: django_admin_log; Type: TABLE DATA; Schema: public; Owner: postgres
--

COPY public.django_admin_log (id, action_time, object_id, object_repr, action_flag, change_message, content_type_id, user_id) FROM stdin;
1	2025-07-29 15:11:43.179387+09	123-12-12345	AILLM	1	[{"added": {}}]	6	1
2	2025-07-29 15:12:04.351226+09	1	인사관리부	1	[{"added": {}}]	13	1
3	2025-07-29 15:12:23.934322+09	2	관리자 박	1	[{"added": {}}]	9	1
\.


--
-- Data for Name: django_content_type; Type: TABLE DATA; Schema: public; Owner: postgres
--

COPY public.django_content_type (id, app_label, model) FROM stdin;
1	admin	logentry
2	auth	permission
3	auth	group
4	contenttypes	contenttype
5	sessions	session
6	core	company
7	core	emailconfig
8	core	mentorship
9	core	user
10	core	alarm
11	core	chatsession
12	core	chatmessage
13	core	department
14	core	curriculum
15	core	docs
16	core	taskassign
17	core	memo
18	core	taskmanage
\.


--
-- Data for Name: django_migrations; Type: TABLE DATA; Schema: public; Owner: postgres
--

COPY public.django_migrations (id, app, name, applied) FROM stdin;
1	contenttypes	0001_initial	2025-07-29 14:58:32.868168+09
2	contenttypes	0002_remove_content_type_name	2025-07-29 14:58:32.873175+09
3	auth	0001_initial	2025-07-29 14:58:32.898168+09
4	auth	0002_alter_permission_name_max_length	2025-07-29 14:58:32.902184+09
5	auth	0003_alter_user_email_max_length	2025-07-29 14:58:32.905184+09
6	auth	0004_alter_user_username_opts	2025-07-29 14:58:32.908166+09
7	auth	0005_alter_user_last_login_null	2025-07-29 14:58:32.911164+09
8	auth	0006_require_contenttypes_0002	2025-07-29 14:58:32.912149+09
9	auth	0007_alter_validators_add_error_messages	2025-07-29 14:58:32.915146+09
10	auth	0008_alter_user_username_max_length	2025-07-29 14:58:32.918164+09
11	auth	0009_alter_user_last_name_max_length	2025-07-29 14:58:32.920165+09
12	auth	0010_alter_group_name_max_length	2025-07-29 14:58:32.926151+09
13	auth	0011_update_proxy_permissions	2025-07-29 14:58:32.930155+09
14	auth	0012_alter_user_first_name_max_length	2025-07-29 14:58:32.933169+09
15	core	0001_initial	2025-07-29 14:58:33.070601+09
16	admin	0001_initial	2025-07-29 14:58:33.170671+09
17	admin	0002_logentry_remove_auto_add	2025-07-29 14:58:33.175688+09
18	admin	0003_logentry_add_action_flag_choices	2025-07-29 14:58:33.181672+09
19	sessions	0001_initial	2025-07-29 14:58:33.188672+09
\.


--
-- Data for Name: django_session; Type: TABLE DATA; Schema: public; Owner: postgres
--

COPY public.django_session (session_key, session_data, expire_date) FROM stdin;
pnsrnbvj9jnv7uioqwmcs1raidvlndjm	.eJylU11vmzAU_SuTX5cg22C-ntaPdSJq07Vr1yaqhIxtghPADEzSpOp_n03SrNOkSdNekDn33HuOz4UXsNzoVKuVqEEMxHZSZF-YvJaT5H6XoKlMuqS-Jews8ZNV8_j9bBI5hrTjD4klFdd3q831-cy7Oj89mWNU0IdNP8ORTuRGzh-LTbJUz9Pd_W66Y7vpHSP5jbNZX36-qNazgs1nz-Nvk0fxddXPb-ENDPofcrLNs9kK3Vysfqw9MAJ9J9qUU01B_AJy2XY6rWkljNennvtu-NSziFliSd-XGHKRAUVFZWkAGkUw9EMIPy0s4jBVmepSZWlDWz10ZHQYhgU050Aw88ScfzAQ4d6gYguYWRLJrGKjOqmlqvftLrT1iLJhsKytaesFQ-yNIR4j26LpAsR1X5Yj0KrSlitRa9UOVptSbYVI677KRAtihCAZAdmllFfSiOS07MQAdH0jWhvMEWxalctSpLKiCzv1LTjJQeyaKVzYe1qtAfJHwCTQ0Ho7vAKE3TEyFrHrkbcoS7WwqtY_GcNgjKM7RGIXx17kmDAJCj_CKIYQ7D0yLddGWbf9waOmeX7090vfrvGdm8PCThKbam4SpNw30VOG7AL2Tx5aES461spmH_g-wn-71R8uD2Tr6K3vaOfy8gr8bdzr6__3p7TXRXrcE3Cty3dgRpn5K22FL2m9UOarrXUrM8dSnEO1c64UF-XpgfvbgIJ2hemOOMHQD4mb5yzMCeQRzDyRZ76JNxAwIgGGKOQec71ABDBguS9cc4YBdLlhgtefocRWBw:1uge9b:DqsGb2DAHkqpaabJVBNA0_Emv_o1-_FpL7G4_HI1OIc	2025-08-12 15:49:39.287305+09
\.


--
-- Name: auth_group_id_seq; Type: SEQUENCE SET; Schema: public; Owner: postgres
--

SELECT pg_catalog.setval('public.auth_group_id_seq', 1, false);


--
-- Name: auth_group_permissions_id_seq; Type: SEQUENCE SET; Schema: public; Owner: postgres
--

SELECT pg_catalog.setval('public.auth_group_permissions_id_seq', 1, false);


--
-- Name: auth_permission_id_seq; Type: SEQUENCE SET; Schema: public; Owner: postgres
--

SELECT pg_catalog.setval('public.auth_permission_id_seq', 72, true);


--
-- Name: core_alarm_id_seq; Type: SEQUENCE SET; Schema: public; Owner: postgres
--

SELECT pg_catalog.setval('public.core_alarm_id_seq', 1, false);


--
-- Name: core_chatmessage_message_id_seq; Type: SEQUENCE SET; Schema: public; Owner: postgres
--

SELECT pg_catalog.setval('public.core_chatmessage_message_id_seq', 1, false);


--
-- Name: core_chatsession_session_id_seq; Type: SEQUENCE SET; Schema: public; Owner: postgres
--

SELECT pg_catalog.setval('public.core_chatsession_session_id_seq', 1, false);


--
-- Name: core_curriculum_curriculum_id_seq; Type: SEQUENCE SET; Schema: public; Owner: postgres
--

SELECT pg_catalog.setval('public.core_curriculum_curriculum_id_seq', 1, false);


--
-- Name: core_department_department_id_seq; Type: SEQUENCE SET; Schema: public; Owner: postgres
--

SELECT pg_catalog.setval('public.core_department_department_id_seq', 9, true);


--
-- Name: core_docs_docs_id_seq; Type: SEQUENCE SET; Schema: public; Owner: postgres
--

SELECT pg_catalog.setval('public.core_docs_docs_id_seq', 1, false);


--
-- Name: core_emailconfig_id_seq; Type: SEQUENCE SET; Schema: public; Owner: postgres
--

SELECT pg_catalog.setval('public.core_emailconfig_id_seq', 1, true);


--
-- Name: core_memo_memo_id_seq; Type: SEQUENCE SET; Schema: public; Owner: postgres
--

SELECT pg_catalog.setval('public.core_memo_memo_id_seq', 1, false);


--
-- Name: core_mentorship_mentorship_id_seq; Type: SEQUENCE SET; Schema: public; Owner: postgres
--

SELECT pg_catalog.setval('public.core_mentorship_mentorship_id_seq', 1, false);


--
-- Name: core_taskassign_task_assign_id_seq; Type: SEQUENCE SET; Schema: public; Owner: postgres
--

SELECT pg_catalog.setval('public.core_taskassign_task_assign_id_seq', 1, false);


--
-- Name: core_taskmanage_task_manage_id_seq; Type: SEQUENCE SET; Schema: public; Owner: postgres
--

SELECT pg_catalog.setval('public.core_taskmanage_task_manage_id_seq', 1, false);


--
-- Name: core_user_groups_id_seq; Type: SEQUENCE SET; Schema: public; Owner: postgres
--

SELECT pg_catalog.setval('public.core_user_groups_id_seq', 1, false);


--
-- Name: core_user_user_id_seq; Type: SEQUENCE SET; Schema: public; Owner: postgres
--

SELECT pg_catalog.setval('public.core_user_user_id_seq', 59, true);


--
-- Name: core_user_user_permissions_id_seq; Type: SEQUENCE SET; Schema: public; Owner: postgres
--

SELECT pg_catalog.setval('public.core_user_user_permissions_id_seq', 1, false);


--
-- Name: django_admin_log_id_seq; Type: SEQUENCE SET; Schema: public; Owner: postgres
--

SELECT pg_catalog.setval('public.django_admin_log_id_seq', 3, true);


--
-- Name: django_content_type_id_seq; Type: SEQUENCE SET; Schema: public; Owner: postgres
--

SELECT pg_catalog.setval('public.django_content_type_id_seq', 18, true);


--
-- Name: django_migrations_id_seq; Type: SEQUENCE SET; Schema: public; Owner: postgres
--

SELECT pg_catalog.setval('public.django_migrations_id_seq', 19, true);


--
-- Name: auth_group auth_group_name_key; Type: CONSTRAINT; Schema: public; Owner: postgres
--

ALTER TABLE ONLY public.auth_group
    ADD CONSTRAINT auth_group_name_key UNIQUE (name);


--
-- Name: auth_group_permissions auth_group_permissions_group_id_permission_id_0cd325b0_uniq; Type: CONSTRAINT; Schema: public; Owner: postgres
--

ALTER TABLE ONLY public.auth_group_permissions
    ADD CONSTRAINT auth_group_permissions_group_id_permission_id_0cd325b0_uniq UNIQUE (group_id, permission_id);


--
-- Name: auth_group_permissions auth_group_permissions_pkey; Type: CONSTRAINT; Schema: public; Owner: postgres
--

ALTER TABLE ONLY public.auth_group_permissions
    ADD CONSTRAINT auth_group_permissions_pkey PRIMARY KEY (id);


--
-- Name: auth_group auth_group_pkey; Type: CONSTRAINT; Schema: public; Owner: postgres
--

ALTER TABLE ONLY public.auth_group
    ADD CONSTRAINT auth_group_pkey PRIMARY KEY (id);


--
-- Name: auth_permission auth_permission_content_type_id_codename_01ab375a_uniq; Type: CONSTRAINT; Schema: public; Owner: postgres
--

ALTER TABLE ONLY public.auth_permission
    ADD CONSTRAINT auth_permission_content_type_id_codename_01ab375a_uniq UNIQUE (content_type_id, codename);


--
-- Name: auth_permission auth_permission_pkey; Type: CONSTRAINT; Schema: public; Owner: postgres
--

ALTER TABLE ONLY public.auth_permission
    ADD CONSTRAINT auth_permission_pkey PRIMARY KEY (id);


--
-- Name: core_alarm core_alarm_pkey; Type: CONSTRAINT; Schema: public; Owner: postgres
--

ALTER TABLE ONLY public.core_alarm
    ADD CONSTRAINT core_alarm_pkey PRIMARY KEY (id);


--
-- Name: core_chatmessage core_chatmessage_pkey; Type: CONSTRAINT; Schema: public; Owner: postgres
--

ALTER TABLE ONLY public.core_chatmessage
    ADD CONSTRAINT core_chatmessage_pkey PRIMARY KEY (message_id);


--
-- Name: core_chatsession core_chatsession_pkey; Type: CONSTRAINT; Schema: public; Owner: postgres
--

ALTER TABLE ONLY public.core_chatsession
    ADD CONSTRAINT core_chatsession_pkey PRIMARY KEY (session_id);


--
-- Name: core_company core_company_pkey; Type: CONSTRAINT; Schema: public; Owner: postgres
--

ALTER TABLE ONLY public.core_company
    ADD CONSTRAINT core_company_pkey PRIMARY KEY (company_id);


--
-- Name: core_curriculum core_curriculum_pkey; Type: CONSTRAINT; Schema: public; Owner: postgres
--

ALTER TABLE ONLY public.core_curriculum
    ADD CONSTRAINT core_curriculum_pkey PRIMARY KEY (curriculum_id);


--
-- Name: core_department core_department_department_name_company_id_0bf1d2e1_uniq; Type: CONSTRAINT; Schema: public; Owner: postgres
--

ALTER TABLE ONLY public.core_department
    ADD CONSTRAINT core_department_department_name_company_id_0bf1d2e1_uniq UNIQUE (department_name, company_id);


--
-- Name: core_department core_department_pkey; Type: CONSTRAINT; Schema: public; Owner: postgres
--

ALTER TABLE ONLY public.core_department
    ADD CONSTRAINT core_department_pkey PRIMARY KEY (department_id);


--
-- Name: core_docs core_docs_pkey; Type: CONSTRAINT; Schema: public; Owner: postgres
--

ALTER TABLE ONLY public.core_docs
    ADD CONSTRAINT core_docs_pkey PRIMARY KEY (docs_id);


--
-- Name: core_emailconfig core_emailconfig_email_key; Type: CONSTRAINT; Schema: public; Owner: postgres
--

ALTER TABLE ONLY public.core_emailconfig
    ADD CONSTRAINT core_emailconfig_email_key UNIQUE (email);


--
-- Name: core_emailconfig core_emailconfig_pkey; Type: CONSTRAINT; Schema: public; Owner: postgres
--

ALTER TABLE ONLY public.core_emailconfig
    ADD CONSTRAINT core_emailconfig_pkey PRIMARY KEY (id);


--
-- Name: core_memo core_memo_pkey; Type: CONSTRAINT; Schema: public; Owner: postgres
--

ALTER TABLE ONLY public.core_memo
    ADD CONSTRAINT core_memo_pkey PRIMARY KEY (memo_id);


--
-- Name: core_mentorship core_mentorship_pkey; Type: CONSTRAINT; Schema: public; Owner: postgres
--

ALTER TABLE ONLY public.core_mentorship
    ADD CONSTRAINT core_mentorship_pkey PRIMARY KEY (mentorship_id);


--
-- Name: core_taskassign core_taskassign_pkey; Type: CONSTRAINT; Schema: public; Owner: postgres
--

ALTER TABLE ONLY public.core_taskassign
    ADD CONSTRAINT core_taskassign_pkey PRIMARY KEY (task_assign_id);


--
-- Name: core_taskmanage core_taskmanage_pkey; Type: CONSTRAINT; Schema: public; Owner: postgres
--

ALTER TABLE ONLY public.core_taskmanage
    ADD CONSTRAINT core_taskmanage_pkey PRIMARY KEY (task_manage_id);


--
-- Name: core_user core_user_email_key; Type: CONSTRAINT; Schema: public; Owner: postgres
--

ALTER TABLE ONLY public.core_user
    ADD CONSTRAINT core_user_email_key UNIQUE (email);


--
-- Name: core_user_groups core_user_groups_pkey; Type: CONSTRAINT; Schema: public; Owner: postgres
--

ALTER TABLE ONLY public.core_user_groups
    ADD CONSTRAINT core_user_groups_pkey PRIMARY KEY (id);


--
-- Name: core_user_groups core_user_groups_user_id_group_id_c82fcad1_uniq; Type: CONSTRAINT; Schema: public; Owner: postgres
--

ALTER TABLE ONLY public.core_user_groups
    ADD CONSTRAINT core_user_groups_user_id_group_id_c82fcad1_uniq UNIQUE (user_id, group_id);


--
-- Name: core_user core_user_pkey; Type: CONSTRAINT; Schema: public; Owner: postgres
--

ALTER TABLE ONLY public.core_user
    ADD CONSTRAINT core_user_pkey PRIMARY KEY (user_id);


--
-- Name: core_user_user_permissions core_user_user_permissions_pkey; Type: CONSTRAINT; Schema: public; Owner: postgres
--

ALTER TABLE ONLY public.core_user_user_permissions
    ADD CONSTRAINT core_user_user_permissions_pkey PRIMARY KEY (id);


--
-- Name: core_user_user_permissions core_user_user_permissions_user_id_permission_id_73ea0daa_uniq; Type: CONSTRAINT; Schema: public; Owner: postgres
--

ALTER TABLE ONLY public.core_user_user_permissions
    ADD CONSTRAINT core_user_user_permissions_user_id_permission_id_73ea0daa_uniq UNIQUE (user_id, permission_id);


--
-- Name: django_admin_log django_admin_log_pkey; Type: CONSTRAINT; Schema: public; Owner: postgres
--

ALTER TABLE ONLY public.django_admin_log
    ADD CONSTRAINT django_admin_log_pkey PRIMARY KEY (id);


--
-- Name: django_content_type django_content_type_app_label_model_76bd3d3b_uniq; Type: CONSTRAINT; Schema: public; Owner: postgres
--

ALTER TABLE ONLY public.django_content_type
    ADD CONSTRAINT django_content_type_app_label_model_76bd3d3b_uniq UNIQUE (app_label, model);


--
-- Name: django_content_type django_content_type_pkey; Type: CONSTRAINT; Schema: public; Owner: postgres
--

ALTER TABLE ONLY public.django_content_type
    ADD CONSTRAINT django_content_type_pkey PRIMARY KEY (id);


--
-- Name: django_migrations django_migrations_pkey; Type: CONSTRAINT; Schema: public; Owner: postgres
--

ALTER TABLE ONLY public.django_migrations
    ADD CONSTRAINT django_migrations_pkey PRIMARY KEY (id);


--
-- Name: django_session django_session_pkey; Type: CONSTRAINT; Schema: public; Owner: postgres
--

ALTER TABLE ONLY public.django_session
    ADD CONSTRAINT django_session_pkey PRIMARY KEY (session_key);


--
-- Name: auth_group_name_a6ea08ec_like; Type: INDEX; Schema: public; Owner: postgres
--

CREATE INDEX auth_group_name_a6ea08ec_like ON public.auth_group USING btree (name varchar_pattern_ops);


--
-- Name: auth_group_permissions_group_id_b120cbf9; Type: INDEX; Schema: public; Owner: postgres
--

CREATE INDEX auth_group_permissions_group_id_b120cbf9 ON public.auth_group_permissions USING btree (group_id);


--
-- Name: auth_group_permissions_permission_id_84c5c92e; Type: INDEX; Schema: public; Owner: postgres
--

CREATE INDEX auth_group_permissions_permission_id_84c5c92e ON public.auth_group_permissions USING btree (permission_id);


--
-- Name: auth_permission_content_type_id_2f476e4b; Type: INDEX; Schema: public; Owner: postgres
--

CREATE INDEX auth_permission_content_type_id_2f476e4b ON public.auth_permission USING btree (content_type_id);


--
-- Name: core_alarm_user_id_e9532f8a; Type: INDEX; Schema: public; Owner: postgres
--

CREATE INDEX core_alarm_user_id_e9532f8a ON public.core_alarm USING btree (user_id);


--
-- Name: core_chatmessage_session_id_e3c386aa; Type: INDEX; Schema: public; Owner: postgres
--

CREATE INDEX core_chatmessage_session_id_e3c386aa ON public.core_chatmessage USING btree (session_id);


--
-- Name: core_chatsession_user_id_1929cfbb; Type: INDEX; Schema: public; Owner: postgres
--

CREATE INDEX core_chatsession_user_id_1929cfbb ON public.core_chatsession USING btree (user_id);


--
-- Name: core_company_company_id_926e360b_like; Type: INDEX; Schema: public; Owner: postgres
--

CREATE INDEX core_company_company_id_926e360b_like ON public.core_company USING btree (company_id varchar_pattern_ops);


--
-- Name: core_curriculum_department_id_5d8af7b3; Type: INDEX; Schema: public; Owner: postgres
--

CREATE INDEX core_curriculum_department_id_5d8af7b3 ON public.core_curriculum USING btree (department_id);


--
-- Name: core_department_company_id_347fca8c; Type: INDEX; Schema: public; Owner: postgres
--

CREATE INDEX core_department_company_id_347fca8c ON public.core_department USING btree (company_id);


--
-- Name: core_department_company_id_347fca8c_like; Type: INDEX; Schema: public; Owner: postgres
--

CREATE INDEX core_department_company_id_347fca8c_like ON public.core_department USING btree (company_id varchar_pattern_ops);


--
-- Name: core_docs_department_id_5a02f79e; Type: INDEX; Schema: public; Owner: postgres
--

CREATE INDEX core_docs_department_id_5a02f79e ON public.core_docs USING btree (department_id);


--
-- Name: core_emailconfig_email_d3039d1c_like; Type: INDEX; Schema: public; Owner: postgres
--

CREATE INDEX core_emailconfig_email_d3039d1c_like ON public.core_emailconfig USING btree (email varchar_pattern_ops);


--
-- Name: core_memo_task_assign_id_5d983662; Type: INDEX; Schema: public; Owner: postgres
--

CREATE INDEX core_memo_task_assign_id_5d983662 ON public.core_memo USING btree (task_assign_id);


--
-- Name: core_memo_user_id_c9f22d42; Type: INDEX; Schema: public; Owner: postgres
--

CREATE INDEX core_memo_user_id_c9f22d42 ON public.core_memo USING btree (user_id);


--
-- Name: core_taskassign_mentorship_id_id_5460d2bc; Type: INDEX; Schema: public; Owner: postgres
--

CREATE INDEX core_taskassign_mentorship_id_id_5460d2bc ON public.core_taskassign USING btree (mentorship_id_id);


--
-- Name: core_taskassign_parent_id_e5e25a72; Type: INDEX; Schema: public; Owner: postgres
--

CREATE INDEX core_taskassign_parent_id_e5e25a72 ON public.core_taskassign USING btree (parent_id);


--
-- Name: core_taskmanage_curriculum_id_189ed120; Type: INDEX; Schema: public; Owner: postgres
--

CREATE INDEX core_taskmanage_curriculum_id_189ed120 ON public.core_taskmanage USING btree (curriculum_id);


--
-- Name: core_user_company_id_2dbe4115; Type: INDEX; Schema: public; Owner: postgres
--

CREATE INDEX core_user_company_id_2dbe4115 ON public.core_user USING btree (company_id);


--
-- Name: core_user_company_id_2dbe4115_like; Type: INDEX; Schema: public; Owner: postgres
--

CREATE INDEX core_user_company_id_2dbe4115_like ON public.core_user USING btree (company_id varchar_pattern_ops);


--
-- Name: core_user_department_id_172c32d3; Type: INDEX; Schema: public; Owner: postgres
--

CREATE INDEX core_user_department_id_172c32d3 ON public.core_user USING btree (department_id);


--
-- Name: core_user_email_92a71487_like; Type: INDEX; Schema: public; Owner: postgres
--

CREATE INDEX core_user_email_92a71487_like ON public.core_user USING btree (email varchar_pattern_ops);


--
-- Name: core_user_groups_group_id_fe8c697f; Type: INDEX; Schema: public; Owner: postgres
--

CREATE INDEX core_user_groups_group_id_fe8c697f ON public.core_user_groups USING btree (group_id);


--
-- Name: core_user_groups_user_id_70b4d9b8; Type: INDEX; Schema: public; Owner: postgres
--

CREATE INDEX core_user_groups_user_id_70b4d9b8 ON public.core_user_groups USING btree (user_id);


--
-- Name: core_user_user_permissions_permission_id_35ccf601; Type: INDEX; Schema: public; Owner: postgres
--

CREATE INDEX core_user_user_permissions_permission_id_35ccf601 ON public.core_user_user_permissions USING btree (permission_id);


--
-- Name: core_user_user_permissions_user_id_085123d3; Type: INDEX; Schema: public; Owner: postgres
--

CREATE INDEX core_user_user_permissions_user_id_085123d3 ON public.core_user_user_permissions USING btree (user_id);


--
-- Name: django_admin_log_content_type_id_c4bce8eb; Type: INDEX; Schema: public; Owner: postgres
--

CREATE INDEX django_admin_log_content_type_id_c4bce8eb ON public.django_admin_log USING btree (content_type_id);


--
-- Name: django_admin_log_user_id_c564eba6; Type: INDEX; Schema: public; Owner: postgres
--

CREATE INDEX django_admin_log_user_id_c564eba6 ON public.django_admin_log USING btree (user_id);


--
-- Name: django_session_expire_date_a5c62663; Type: INDEX; Schema: public; Owner: postgres
--

CREATE INDEX django_session_expire_date_a5c62663 ON public.django_session USING btree (expire_date);


--
-- Name: django_session_session_key_c0390e0f_like; Type: INDEX; Schema: public; Owner: postgres
--

CREATE INDEX django_session_session_key_c0390e0f_like ON public.django_session USING btree (session_key varchar_pattern_ops);


--
-- Name: auth_group_permissions auth_group_permissio_permission_id_84c5c92e_fk_auth_perm; Type: FK CONSTRAINT; Schema: public; Owner: postgres
--

ALTER TABLE ONLY public.auth_group_permissions
    ADD CONSTRAINT auth_group_permissio_permission_id_84c5c92e_fk_auth_perm FOREIGN KEY (permission_id) REFERENCES public.auth_permission(id) DEFERRABLE INITIALLY DEFERRED;


--
-- Name: auth_group_permissions auth_group_permissions_group_id_b120cbf9_fk_auth_group_id; Type: FK CONSTRAINT; Schema: public; Owner: postgres
--

ALTER TABLE ONLY public.auth_group_permissions
    ADD CONSTRAINT auth_group_permissions_group_id_b120cbf9_fk_auth_group_id FOREIGN KEY (group_id) REFERENCES public.auth_group(id) DEFERRABLE INITIALLY DEFERRED;


--
-- Name: auth_permission auth_permission_content_type_id_2f476e4b_fk_django_co; Type: FK CONSTRAINT; Schema: public; Owner: postgres
--

ALTER TABLE ONLY public.auth_permission
    ADD CONSTRAINT auth_permission_content_type_id_2f476e4b_fk_django_co FOREIGN KEY (content_type_id) REFERENCES public.django_content_type(id) DEFERRABLE INITIALLY DEFERRED;


--
-- Name: core_alarm core_alarm_user_id_e9532f8a_fk_core_user_user_id; Type: FK CONSTRAINT; Schema: public; Owner: postgres
--

ALTER TABLE ONLY public.core_alarm
    ADD CONSTRAINT core_alarm_user_id_e9532f8a_fk_core_user_user_id FOREIGN KEY (user_id) REFERENCES public.core_user(user_id) DEFERRABLE INITIALLY DEFERRED;


--
-- Name: core_chatmessage core_chatmessage_session_id_e3c386aa_fk_core_chat; Type: FK CONSTRAINT; Schema: public; Owner: postgres
--

ALTER TABLE ONLY public.core_chatmessage
    ADD CONSTRAINT core_chatmessage_session_id_e3c386aa_fk_core_chat FOREIGN KEY (session_id) REFERENCES public.core_chatsession(session_id) DEFERRABLE INITIALLY DEFERRED;


--
-- Name: core_chatsession core_chatsession_user_id_1929cfbb_fk_core_user_user_id; Type: FK CONSTRAINT; Schema: public; Owner: postgres
--

ALTER TABLE ONLY public.core_chatsession
    ADD CONSTRAINT core_chatsession_user_id_1929cfbb_fk_core_user_user_id FOREIGN KEY (user_id) REFERENCES public.core_user(user_id) DEFERRABLE INITIALLY DEFERRED;


--
-- Name: core_curriculum core_curriculum_department_id_5d8af7b3_fk_core_depa; Type: FK CONSTRAINT; Schema: public; Owner: postgres
--

ALTER TABLE ONLY public.core_curriculum
    ADD CONSTRAINT core_curriculum_department_id_5d8af7b3_fk_core_depa FOREIGN KEY (department_id) REFERENCES public.core_department(department_id) DEFERRABLE INITIALLY DEFERRED;


--
-- Name: core_department core_department_company_id_347fca8c_fk_core_company_company_id; Type: FK CONSTRAINT; Schema: public; Owner: postgres
--

ALTER TABLE ONLY public.core_department
    ADD CONSTRAINT core_department_company_id_347fca8c_fk_core_company_company_id FOREIGN KEY (company_id) REFERENCES public.core_company(company_id) DEFERRABLE INITIALLY DEFERRED;


--
-- Name: core_docs core_docs_department_id_5a02f79e_fk_core_depa; Type: FK CONSTRAINT; Schema: public; Owner: postgres
--

ALTER TABLE ONLY public.core_docs
    ADD CONSTRAINT core_docs_department_id_5a02f79e_fk_core_depa FOREIGN KEY (department_id) REFERENCES public.core_department(department_id) DEFERRABLE INITIALLY DEFERRED;


--
-- Name: core_memo core_memo_task_assign_id_5d983662_fk_core_task; Type: FK CONSTRAINT; Schema: public; Owner: postgres
--

ALTER TABLE ONLY public.core_memo
    ADD CONSTRAINT core_memo_task_assign_id_5d983662_fk_core_task FOREIGN KEY (task_assign_id) REFERENCES public.core_taskassign(task_assign_id) DEFERRABLE INITIALLY DEFERRED;


--
-- Name: core_memo core_memo_user_id_c9f22d42_fk_core_user_user_id; Type: FK CONSTRAINT; Schema: public; Owner: postgres
--

ALTER TABLE ONLY public.core_memo
    ADD CONSTRAINT core_memo_user_id_c9f22d42_fk_core_user_user_id FOREIGN KEY (user_id) REFERENCES public.core_user(user_id) DEFERRABLE INITIALLY DEFERRED;


--
-- Name: core_taskassign core_taskassign_mentorship_id_id_5460d2bc_fk_core_ment; Type: FK CONSTRAINT; Schema: public; Owner: postgres
--

ALTER TABLE ONLY public.core_taskassign
    ADD CONSTRAINT core_taskassign_mentorship_id_id_5460d2bc_fk_core_ment FOREIGN KEY (mentorship_id_id) REFERENCES public.core_mentorship(mentorship_id) DEFERRABLE INITIALLY DEFERRED;


--
-- Name: core_taskassign core_taskassign_parent_id_e5e25a72_fk_core_task; Type: FK CONSTRAINT; Schema: public; Owner: postgres
--

ALTER TABLE ONLY public.core_taskassign
    ADD CONSTRAINT core_taskassign_parent_id_e5e25a72_fk_core_task FOREIGN KEY (parent_id) REFERENCES public.core_taskassign(task_assign_id) DEFERRABLE INITIALLY DEFERRED;


--
-- Name: core_taskmanage core_taskmanage_curriculum_id_189ed120_fk_core_curr; Type: FK CONSTRAINT; Schema: public; Owner: postgres
--

ALTER TABLE ONLY public.core_taskmanage
    ADD CONSTRAINT core_taskmanage_curriculum_id_189ed120_fk_core_curr FOREIGN KEY (curriculum_id) REFERENCES public.core_curriculum(curriculum_id) DEFERRABLE INITIALLY DEFERRED;


--
-- Name: core_user core_user_company_id_2dbe4115_fk_core_company_company_id; Type: FK CONSTRAINT; Schema: public; Owner: postgres
--

ALTER TABLE ONLY public.core_user
    ADD CONSTRAINT core_user_company_id_2dbe4115_fk_core_company_company_id FOREIGN KEY (company_id) REFERENCES public.core_company(company_id) DEFERRABLE INITIALLY DEFERRED;


--
-- Name: core_user core_user_department_id_172c32d3_fk_core_depa; Type: FK CONSTRAINT; Schema: public; Owner: postgres
--

ALTER TABLE ONLY public.core_user
    ADD CONSTRAINT core_user_department_id_172c32d3_fk_core_depa FOREIGN KEY (department_id) REFERENCES public.core_department(department_id) DEFERRABLE INITIALLY DEFERRED;


--
-- Name: core_user_groups core_user_groups_group_id_fe8c697f_fk_auth_group_id; Type: FK CONSTRAINT; Schema: public; Owner: postgres
--

ALTER TABLE ONLY public.core_user_groups
    ADD CONSTRAINT core_user_groups_group_id_fe8c697f_fk_auth_group_id FOREIGN KEY (group_id) REFERENCES public.auth_group(id) DEFERRABLE INITIALLY DEFERRED;


--
-- Name: core_user_groups core_user_groups_user_id_70b4d9b8_fk_core_user_user_id; Type: FK CONSTRAINT; Schema: public; Owner: postgres
--

ALTER TABLE ONLY public.core_user_groups
    ADD CONSTRAINT core_user_groups_user_id_70b4d9b8_fk_core_user_user_id FOREIGN KEY (user_id) REFERENCES public.core_user(user_id) DEFERRABLE INITIALLY DEFERRED;


--
-- Name: core_user_user_permissions core_user_user_permi_permission_id_35ccf601_fk_auth_perm; Type: FK CONSTRAINT; Schema: public; Owner: postgres
--

ALTER TABLE ONLY public.core_user_user_permissions
    ADD CONSTRAINT core_user_user_permi_permission_id_35ccf601_fk_auth_perm FOREIGN KEY (permission_id) REFERENCES public.auth_permission(id) DEFERRABLE INITIALLY DEFERRED;


--
-- Name: core_user_user_permissions core_user_user_permi_user_id_085123d3_fk_core_user; Type: FK CONSTRAINT; Schema: public; Owner: postgres
--

ALTER TABLE ONLY public.core_user_user_permissions
    ADD CONSTRAINT core_user_user_permi_user_id_085123d3_fk_core_user FOREIGN KEY (user_id) REFERENCES public.core_user(user_id) DEFERRABLE INITIALLY DEFERRED;


--
-- Name: django_admin_log django_admin_log_content_type_id_c4bce8eb_fk_django_co; Type: FK CONSTRAINT; Schema: public; Owner: postgres
--

ALTER TABLE ONLY public.django_admin_log
    ADD CONSTRAINT django_admin_log_content_type_id_c4bce8eb_fk_django_co FOREIGN KEY (content_type_id) REFERENCES public.django_content_type(id) DEFERRABLE INITIALLY DEFERRED;


--
-- Name: django_admin_log django_admin_log_user_id_c564eba6_fk_core_user_user_id; Type: FK CONSTRAINT; Schema: public; Owner: postgres
--

ALTER TABLE ONLY public.django_admin_log
    ADD CONSTRAINT django_admin_log_user_id_c564eba6_fk_core_user_user_id FOREIGN KEY (user_id) REFERENCES public.core_user(user_id) DEFERRABLE INITIALLY DEFERRED;


--
-- PostgreSQL database dump complete
--

